SET NAMES utf8;

DROP TABLE IF EXISTS `task_catalogs`;
CREATE TABLE `task_catalogs` (
  `id` int(11) NOT NULL AUTO_INCREMENT,
  `catalog_name` varchar(255) COLLATE utf8_unicode_ci DEFAULT NULL,
  `available` tinyint(1) DEFAULT NULL,
  `created_at` datetime NOT NULL,
  `updated_at` datetime NOT NULL,
  `task_basket_id` int(11) DEFAULT NULL,
  PRIMARY KEY (`id`)
) ENGINE=InnoDB AUTO_INCREMENT=12 DEFAULT CHARSET=utf8 COLLATE=utf8_unicode_ci;
INSERT INTO `task_catalogs` VALUES (1,'11个月-9个月',1,'2015-06-08 08:31:50','2015-06-08 14:59:47',NULL),(2,'8个月-6个月',1,'2015-06-08 14:02:24','2015-06-08 15:00:58',NULL),(3,'5个月-4个月',1,'2015-06-08 15:02:07','2015-06-08 15:02:07',NULL),(4,'3个月前',1,'2015-06-08 15:03:58','2015-06-08 15:03:58',NULL),(5,'2个月前',1,'2015-06-08 15:06:12','2015-06-08 15:06:12',NULL),(6,'1个月前',1,'2015-06-08 15:24:24','2015-06-08 15:24:24',NULL),(8,'1周前',1,'2015-06-08 15:27:18','2015-06-08 15:27:18',NULL),(9,'1天前',1,'2015-06-08 15:28:58','2015-06-08 15:28:58',NULL),(10,'婚礼当天',1,'2015-06-08 15:29:43','2015-06-08 15:29:43',NULL),(11,'婚礼后',1,'2015-06-08 15:30:24','2015-06-08 15:30:24',NULL);


DROP TABLE IF EXISTS `task_types`;
CREATE TABLE `task_types` (
  `id` int(11) NOT NULL AUTO_INCREMENT,
  `type_name` varchar(255) COLLATE utf8_unicode_ci DEFAULT NULL,
  `created_at` datetime NOT NULL,
  `updated_at` datetime NOT NULL,
  `task_icon` varchar(255) COLLATE utf8_unicode_ci DEFAULT NULL,
  PRIMARY KEY (`id`)
) ENGINE=InnoDB AUTO_INCREMENT=15 DEFAULT CHARSET=utf8 COLLATE=utf8_unicode_ci;
INSERT INTO `task_types` VALUES (1,'重要沟通','2015-06-11 08:14:18','2015-06-22 09:58:36','zhongyaogoutong.png'),
                                (2,'婚宴场地','2015-06-11 08:14:26','2015-06-22 09:58:55','hunyanchangdi.png'),
                                (3,'婚庆布置','2015-06-11 08:14:32','2015-06-22 09:59:03','buzhichangdi.png'),
                                (4,'摄影摄像','2015-06-11 08:14:41','2015-06-22 09:59:14','sheyingshexiang.png'),
                                (5,'服装','2015-06-11 08:14:47','2015-06-22 09:59:22','fuzhuang.png'),
                                (6,'化妆','2015-06-11 08:17:20','2015-06-22 09:59:30','huazhuang.png'),
                                (7,'司仪团队','2015-06-11 08:17:30','2015-06-22 09:59:37','siyituandui.png'),
                                (8,'婚礼视频','2015-06-11 08:17:36','2015-06-22 09:59:44','hunlishipin.png'),
                                (9,'物品采购','2015-06-11 08:17:44','2015-06-22 09:59:51','wupincaigou.png'),
                                (10,'物品准备','2015-06-11 09:00:31','2015-06-22 09:59:58','wupinqingdan.png'),
                                (11,'礼金费用','2015-06-11 09:06:19','2015-06-22 10:00:07','lijin.png'),
                                (12,'蜜月旅行','2015-06-11 09:07:27','2015-06-22 10:00:16','miyuelvxing.png'),
                                (13,'婚纱照','2015-06-11 09:08:52','2015-06-22 10:00:23','hunshazhao.png'),
                                (14,'美容护肤','2015-06-11 09:12:48','2015-06-22 10:00:34','meironghufu.png');

DROP TABLE IF EXISTS `tasks`;
CREATE TABLE `tasks` (
  `id` int(11) NOT NULL AUTO_INCREMENT,
  `task_title` varchar(255) COLLATE utf8_unicode_ci DEFAULT NULL,
  `task_requirement` text COLLATE utf8_unicode_ci,
  `expired_at` datetime DEFAULT NULL,
  `user_id` int(11) DEFAULT NULL,
  `task_catalog_id` int(11) DEFAULT NULL,
  `created_at` datetime NOT NULL,
  `updated_at` datetime NOT NULL,
  `before_task_days` int(11) DEFAULT NULL,
  `task_type_id` int(11) DEFAULT NULL,
  PRIMARY KEY (`id`)
) ENGINE=InnoDB AUTO_INCREMENT=93 DEFAULT CHARSET=utf8 COLLATE=utf8_unicode_ci;
INSERT INTO `tasks` VALUES (1,'与双方父母商量是否需要举办订婚仪式','每个地区的风俗习惯不同，入乡随俗就好',NULL,NULL,1,'2015-06-08 08:31:50','2015-06-11 08:26:52',420,1),(2,'确定订婚仪式举办的日期和地点','一般订婚仪式的规模要小于结婚仪式，按来宾人数选择适合的场地',NULL,NULL,1,'2015-06-08 08:31:50','2015-06-11 08:26:52',415,1),(3,'购买订婚戒指，订婚时互相馈赠的礼物','求、订、结，女生可以收三次戒指哦，是不是很庆幸自己是女生呢？呵呵！',NULL,NULL,1,'2015-06-08 08:31:50','2015-06-11 08:26:52',400,9),(4,'邀请双方的亲戚出席订婚仪式','订婚仪式一般都以亲戚间的小范围为主，具体请哪些宾客还是让双方父母决定',NULL,NULL,1,'2015-06-08 08:31:50','2015-06-11 08:26:52',390,1),(5,'举办订婚仪式','虽然是小范围的自家亲戚，但礼节还是不能少，请帖、酒席等还是需要提前准备',NULL,NULL,1,'2015-06-08 08:31:50','2015-06-11 08:26:52',380,1),(6,'双方家长见面及商量有关细节','这是历史性的时刻，双方父母亲切友好的交谈会使你们后面的婚礼筹备过程中顺畅很多。',NULL,NULL,1,'2015-06-08 08:31:50','2015-06-11 08:26:52',375,1),(7,'决定结婚日期','由双方父母商量着，选定',NULL,NULL,1,'2015-06-08 08:31:50','2015-06-11 08:26:52',370,1),(8,'草拟婚礼预算','在双方家长商讨预算之前，新人应提前和自己的父母',NULL,NULL,1,'2015-06-08 08:31:50','2015-06-11 08:26:52',365,1),(9,'计划邀请的人数','各自双方写下所有想要邀请的亲戚朋友，然后再根据预算能订的桌数，在人数上增加或删减',NULL,NULL,1,'2015-06-08 08:31:50','2015-06-11 08:26:53',360,1),(10,'决定婚礼形式及婚礼举办的场所','你是要在酒店办？还是在教堂办？是要办草坪婚礼？还是要办海滩婚礼？甚至是旅行结婚！',NULL,NULL,1,'2015-06-08 08:31:50','2015-06-11 08:26:53',355,2),(11,'开始收集举行结婚仪式的场所相关信息','通过报刊杂志、各大婚庆类网站、亲戚朋友间的经验等',NULL,NULL,1,'2015-06-08 08:31:50','2015-06-11 08:26:53',350,2),(12,'排期办理注册手续或预定教堂','和双方父母商量，选择一个适合的好日子',NULL,NULL,2,'2015-06-08 14:02:24','2015-06-11 08:29:26',335,1),(13,'现场考察所有自己选择的或意向要举办婚礼的场所，制作优劣对比表','根据预算、日期、婚礼场地的远近、大小、菜肴等制作成表格，选择最为合适的婚姻场地',NULL,NULL,1,'2015-06-08 14:59:47','2015-06-11 08:26:53',345,2),(14,'预定婚宴场地及桌数','选定婚礼场地后，就要尽快和酒店确定婚礼日期，并告知酒店大致的桌数，一般上下不超过4桌',NULL,NULL,1,'2015-06-08 15:00:04','2015-06-11 08:26:53',340,2),(15,'开始关注新娘婚纱的款式','在翻看大量的杂志，婚纱网站的同时，去婚纱店试穿是非常重要的，让店员根据你的高矮胖瘦来挑选适合你的婚纱，他们可是专业人士哦！',NULL,NULL,2,'2015-06-08 15:00:58','2015-06-11 08:29:26',330,5),(16,'关注婚纱摄影相关信息','选择你喜欢的摄影风格，从各方面了解摄影师拍摄的口碑、价格，了解摄影师的拍摄档期。',NULL,NULL,2,'2015-06-08 15:01:17','2015-06-11 08:29:26',325,4),(17,'讨论蜜月旅行的相关事宜 ','按照预算以及婚假的天数，选择你蜜月旅行的目的地。并做好攻略，需要提前办哪些手续',NULL,NULL,2,'2015-06-08 15:01:17','2015-06-11 09:09:50',320,12),(18,'蜜月旅行信息收集','蜜月旅行地选择人烟稀少的海岛地区会更多一点，没有爬山的辛苦，也没有SHOPPING的劳累。可以向周边的朋友咨询，向他们拿经验值。',NULL,NULL,2,'2015-06-08 15:01:17','2015-06-11 09:09:50',310,12),(19,'婚庆公司信息收集','从亲戚朋友处吸取经验，从各大媒体广告选择适合自己的婚庆公司',NULL,NULL,2,'2015-06-08 15:01:31','2015-06-11 08:29:26',300,3),(20,'选定的婚庆公司确认婚礼方案','告诉婚庆你的预算，和你想要的婚礼颜色、风格，让婚庆公司给你做出初步的方案',NULL,NULL,2,'2015-06-08 15:01:31','2015-06-11 08:29:26',290,3),(21,'拍摄婚纱照片','婚纱照的拍摄当天会非常累，前一晚一定要养足精神，当天可以带一些耐饿的食品，如巧克力、饼干之类的，相信一定会用得着。',NULL,NULL,3,'2015-06-08 15:02:07','2015-06-11 09:10:23',275,13),(22,'讨论搬新家的时间和相关事宜','搬新家也是非常重要的一个环节，和双手父母一起选个黄道吉日和搬家必备的一些物品，就可以搬家啦！',NULL,NULL,3,'2015-06-08 15:02:07','2015-06-11 08:36:09',280,1),(23,'开始挑选适合的婚纱和礼服','如量身定制婚纱，应开始与设计师沟通并首次量身。如租借婚纱礼服，应提早挑选并落实预留',NULL,NULL,3,'2015-06-08 15:02:43','2015-06-11 08:36:09',270,5),(24,'挑选、定制婚礼仪式现场所穿的礼服','一般不少于3套',NULL,NULL,3,'2015-06-08 15:02:43','2015-06-11 08:36:09',265,5),(25,'与双方家人探讨、确认婚礼仪式的流程以及婚宴的安排','婚宴一般多为家长买单，所以多听听家长的意见，看他们是否有特殊要求，然后把自己的想法告诉他们，找到双方都满意的婚礼预案',NULL,NULL,3,'2015-06-08 15:02:43','2015-06-11 08:36:09',260,1),(26,'与婚宴场地的联系人最终确认仪式举办的时间','确定好结婚日期后，就要和婚宴场地确认这一天是否可以，如果可以就要尽快交付定金，签合同确认，要知道好日子好场地可是不等人哦！',NULL,NULL,3,'2015-06-08 15:02:43','2015-06-11 08:36:09',255,2),(27,'最后选定蜜月地点及行程','最后选定蜜月地点及行程',NULL,NULL,3,'2015-06-08 15:02:43','2015-06-11 09:10:23',250,12),(28,'订购回礼礼物','有些地区的风俗习惯是要给来参加婚宴的来宾给回礼的，这是主人家对来宾的一份心意，送什么由预算决定',NULL,NULL,3,'2015-06-08 15:02:43','2015-06-11 08:36:09',245,9),(29,'与婚庆公司商讨婚礼仪式的布置计划','这个需要和婚庆人员到现场边看边说，把你的想法告诉婚庆，让婚庆的专业人士帮你出谋划策，看是否能实现你的想法，当然他们也会给出非常专业的意见供你参考',NULL,NULL,4,'2015-06-08 15:03:58','2015-06-11 08:39:07',225,3),(30,'确定邀请宾客名单','邀请宾客这块你可以做两手准备，把宾客分为重要宾客和后备宾客，先给重要的宾客发放请帖，等待他们的回复，如重要宾客中有人无法参加的你可以从后备宾客中填补空缺，当然你也可以减少桌数。但就算是后备宾客你也需要提前一月发出邀请，让他们好提前准备，提前告诉你是否能来参加！',NULL,NULL,4,'2015-06-08 15:03:58','2015-06-11 08:39:07',220,1),(31,'购买或订制婚礼请柬','现在的请帖花样繁多，一般都会挑选到满意的款式，如果需要量身定制的话，那就要提前准备了，以免耽误请帖的发放',NULL,NULL,4,'2015-06-08 15:03:58','2015-06-11 08:39:07',215,9),(32,'确定仪式现场祝辞嘉宾名单并提前通知当事人','祝辞嘉宾一般分为主婚人、证婚人、介绍人、公司领导或家里的长辈，这些都要和他们本人提前确认好，并写好发言稿',NULL,NULL,4,'2015-06-08 15:03:58','2015-06-09 06:24:21',210,NULL),(33,'通知外地亲友，并为他们的到来安排交通住宿事宜','外地亲友更要提前通知，好让他们早作准备买飞机票火车票等，如不能当天往返还要提前帮他们安排好住宿问题，以及来回接送等问题。',NULL,NULL,4,'2015-06-08 15:03:58','2015-06-09 06:24:21',205,NULL),(34,'决定伴郎伴娘、兄弟姐妹团、花童花女的人选','伴郎伴娘一般都是未婚的闺蜜或兄弟，兄弟姐妹团就没有特殊要求啦，只要是能闹腾会闹腾的都可以来助阵。花童花女一般是5岁左右的小男孩小女孩，自己亲戚的孩子，朋友同事同学的孩子都可以，但最好得要乖巧懂事胆大的。',NULL,NULL,4,'2015-06-08 15:03:58','2015-06-09 06:24:21',200,NULL),(35,'选择并确认化妆师','化妆师分为化妆师和化妆师团队，如果你伴娘众多，又要外加妈妈妆，那就最好选择化妆师团队，一个主化，1-2个助手，这样才能不耽误时间',NULL,NULL,4,'2015-06-08 15:03:58','2015-06-11 08:39:07',195,6),(36,'为伴郎伴娘、花童花女及双方家长定制或选购礼服','这些人的衣服也是需要新人们给安排的，你可以选择给他们买，也可以告诉他们你婚礼当天的色系，让他们自己买然后到你这儿报销，不管怎样都得提前准备好。',NULL,NULL,4,'2015-06-08 15:03:58','2015-06-09 06:24:21',190,NULL),(37,'选购婚戒和其他珠宝首饰','按你们的预算购买钻戒、对戒、项链、手镯等等。如果你是前往海外购买，或托人海外代购的话，那一定要告知确切的品牌、款式、尺寸，而且一定要尽早落实，以免耽误。',NULL,NULL,4,'2015-06-08 15:03:58','2015-06-11 08:39:07',185,9),(38,'选择婚礼司仪','婚礼司仪可以通过朋友介绍、婚庆公司推荐，看司仪的之前主持过的婚礼视频，但最好是能够去看现场，因为视频一般都是剪接过的，和现场还是有很大区别的',NULL,NULL,4,'2015-06-08 15:03:58','2015-06-11 08:39:07',230,7),(39,'预约好婚礼当天的化妆师及摄影师，并试妆','好的摄影摄像化妆是一定一定要提早预定的，特别是到了结婚旺季',NULL,NULL,5,'2015-06-08 15:06:12','2015-06-11 08:44:39',145,6),(40,'准备嫁妆','新娘家要准备女儿出嫁的嫁妆，当然这个按各地风俗就好，没法统一咯！不过提前准备好是一定要的。',NULL,NULL,5,'2015-06-08 15:06:12','2015-06-11 08:44:39',140,9),(41,'购买全新的服装(内衣、外套、皮鞋等)','新娘子嘛当然上上下下里里外外都要是全新的啦！不过新鞋一定要在家里多多试穿多多适应，否则婚礼当天会很累哦！',NULL,NULL,5,'2015-06-08 15:06:12','2015-06-11 08:44:39',130,5),(42,'安排酒席试菜，确定婚宴所需的菜式','酒席的菜单也要提前确定，如果改动更要提前告知酒店，以便酒店安排采购',NULL,NULL,5,'2015-06-08 15:06:12','2015-06-11 08:44:39',120,2),(43,'预订结婚蛋糕、婚宴餐酒','现在的仪式中用假蛋糕的越来越多，第一当天菜肴比较丰盛，很少会有人想着要吃蛋糕；第二假蛋糕一般都有5层这么高，摆放比较气派；第三婚礼上开销繁多，能省一样是一样。不过现在越来越多的新人会在餐前搞一个小酒会，这时候可以放置一些小蛋糕在旁边，既好看，又可以给到场早的来宾吃个小点心。',NULL,NULL,5,'2015-06-08 15:06:12','2015-06-11 08:44:39',110,9),(44,'举行第一次婚礼筹委会会议，全面沟通婚礼事宜','第一次婚礼筹备会议可以把婚礼当天一些环节的关键人员集合起来，如婚庆、伴郎伴娘团的负责人等',NULL,NULL,5,'2015-06-08 15:06:12','2015-06-11 08:44:39',150,1),(45,'确定婚车以及摄影、摄像等相关人员','如果委托婚庆公司，可省略此步',NULL,NULL,5,'2015-06-08 15:22:11','2015-06-11 08:44:39',105,4),(46,'与婚庆公司确认婚礼当天手捧花、胸花、腕花、车头花及婚宴会场用花','你只需要定个主色调，婚庆自然会帮你配好一系列的花材。当然如果你又特殊要求的，就一定要提早和婚庆确认，还有如果你伴郎伴娘团成员特别庞大的，那也需要提前和婚庆公司确认，他们好准备足够数量的胸花腕花。',NULL,NULL,5,'2015-06-08 15:22:20','2015-06-11 08:44:39',100,3),(47,'新房完成布置，搬入新居','和双方父母商量，选个好日子乔迁新居',NULL,NULL,5,'2015-06-08 15:22:32','2015-06-11 08:44:39',95,1),(48,'新娘开始皮肤保养','皮肤更新周期为28天，所以临时抱佛脚是没有用的哦！起码得提前2个月就开始做保养，让你的皮肤由内而外的散发好气色。',NULL,NULL,5,'2015-06-08 15:22:42','2015-06-11 09:13:04',90,14),(49,'寄发喜帖','给宾客的请帖一定要提前一个月发放，这样宾客好安排时间，特别是外地甚至是国外的朋友，更要提早邀请，以便于他们购买机票、火车票等',NULL,NULL,6,'2015-06-08 15:24:24','2015-06-11 09:23:06',80,10),(50,'二次婚礼筹委会会议，详细确认所有成员及其负责项目','通过一个月的筹备，看各环节是否能协调稳妥，把具体每一项任务落实到每一个人身上',NULL,NULL,6,'2015-06-08 15:24:34','2015-06-11 08:50:06',78,1),(51,'制定婚礼各项工作流程表、工作负责人联系表、婚礼物品及负责人清单','从筹备到婚礼当天涉及到的人、事、物非常多，制定这样的专业表格，会让你事半功倍，轻松筹备你的婚礼。',NULL,NULL,6,'2015-06-08 15:24:40','2015-06-11 09:23:06',76,10),(52,'第二次礼服试身，准备合适的内衣和鞋子','定做的礼服需要再一次试身看效果，为漂亮的礼服选择合适的内衣和鞋子，这样就完美咯！',NULL,NULL,6,'2015-06-08 15:24:47','2015-06-11 08:50:06',72,5),(53,'撰写婚礼致词，与司仪沟通婚礼主持细节要求','有些嘉宾的致辞是需要你们准备的，当然如果你说你不懂，有些司仪也会有一些致辞的模板让你套用。',NULL,NULL,6,'2015-06-08 15:24:56','2015-06-11 08:50:06',70,7),(54,'购买结婚礼仪用品，如签到本、小红包等','这些按照当地的习俗，和父母商量着准备齐全。',NULL,NULL,6,'2015-06-08 15:25:02','2015-06-11 08:50:06',68,9),(55,'购买喜糖或喜饼','喜糖喜饼也一定要提前准备，有些买的还是散装的，可能还需要二次加工才能完成，实在来不及可以发动家里的亲戚朋友，来个全家总动员，他们一定会非常乐意的。',NULL,NULL,6,'2015-06-08 15:25:09','2015-06-11 08:50:06',66,9),(56,'根据收到请柬回复的数量确定来宾的人数','收到请帖的亲友都陆续的给予回复了，没及时回复的，你也要与之确认，这样才能得到确实的来宾数量，看是否要增加还是减少桌数。',NULL,NULL,6,'2015-06-08 15:25:15','2015-06-11 08:50:06',64,2),(57,'确定宾客名单及人数','确定好宾客名单后，要及时交予婚庆公司，他们好打印名单表',NULL,NULL,6,'2015-06-08 15:25:22','2015-06-11 08:50:06',62,1),(58,'安排到场宾客的座位、桌号','这是非常考验人的一个环节，安排哪些人坐一桌，即使无法同坐一桌也要坐相邻的桌子，便于熟人间的交谈。有些人私底下关系比较不好，那就尽量不要安排在一桌，甚至两人的桌子也尽量离的远一些。如何让你定的桌数都坐满人，这可是门技术活，得好好研究一番才行。',NULL,NULL,6,'2015-06-08 15:25:31','2015-06-11 08:50:06',60,1),(59,'根据邀请名单的人数来确认婚宴的桌数，并确认酒水、饮料及香烟的数量','一般在确定好人数安排好桌数之后，会再多备1-2桌，以防当天人数增加而措手不及。酒水饮料香烟等的数量也得算上多备的那2桌哦！',NULL,NULL,6,'2015-06-08 15:25:38','2015-06-11 08:50:06',59,2),(67,'确定最后婚宴桌数及菜单','这个时候到场嘉宾的人数统计就八九不离十了，确定好桌数，最后再确认一下菜单，看有无需要再调整的，和酒店及时沟通。',NULL,NULL,8,'2015-06-08 15:27:18','2015-06-11 08:59:55',43,2),(68,'预算并准备好各婚宴款项','婚宴结束当天需要和一系列的工作人员结各种款项，最好之前都能准备好，并分别装好信封，写好标注，这样如果当天你没空料理这些琐事，把准备好的信封交给其他人帮你结算也是可以的。',NULL,NULL,8,'2015-06-08 15:27:25','2015-06-11 09:14:40',41,11),(69,'准备红包袋,及婚宴场地签到笔等','结婚当天有些朋友来得匆忙，可以在签到处准备一些红包袋，以备他们使用。签到本签到笔也要准备齐全。',NULL,NULL,8,'2015-06-08 15:27:32','2015-06-11 08:59:55',39,9),(70,'在家中张贴喜字,买鞭炮','家有喜事时，燃放鞭炮张贴喜字，这些都是我国的民俗传统，都有非常好的寓意在里面。',NULL,NULL,8,'2015-06-08 15:27:38','2015-06-11 08:59:55',37,9),(71,'男方选购行聘礼品','男方聘礼环节要遵循双方父母的意见，先可以问一下女方这边是否有特殊要求或必备物品，男方这边按自家的预算状况选购适合的聘礼。按照当地习俗并且双方满意就皆大欢喜了。',NULL,NULL,8,'2015-06-08 15:27:46','2015-06-11 08:59:55',35,9),(72,'女方选购回礼礼物','在一些地区有女方回礼这个环节，按照你们当地的习俗提前准备好就可以啦！',NULL,NULL,8,'2015-06-08 15:27:52','2015-06-11 08:59:55',33,9),(73,'向亲友及工作人员确认当日工作流程和内容','和当天的所有工作人员以及来家里帮忙的亲戚，确认好他们各自的分工，当天做到忙而不乱井然有序。',NULL,NULL,8,'2015-06-08 15:27:59','2015-06-11 08:59:55',31,1),(74,'如去教堂需要准备结婚证书','如夫妻一方是信教徒，那就要在教堂举行仪式，这些需要提前去教堂预约，并了解清楚带齐所需物品。',NULL,NULL,8,'2015-06-08 15:28:06','2015-06-11 09:14:40',29,10),(75,'开始收拾蜜月行装','查询一下蜜月地最近的天气状况，准备适宜的行装吧！',NULL,NULL,8,'2015-06-08 15:28:13','2015-06-11 09:14:40',28,12),(76,'作最后的全身美容美发护理','要剪发要染发的新人们都可以准备起来啦！最后一周的护肤保养要坚持哦，为了当天美美的一定不能松懈哦！',NULL,NULL,8,'2015-06-08 15:28:21','2015-06-11 09:14:40',27,14),(77,'新人与各自工作单位做婚假时间最后确认并安排交接工作','不管婚后是直接蜜月还是休婚假，之前都得向单位申请假期，为了不影响公司的运作，适当的做一些交接工作也是非常必要的，这样你们就可以安心的度假去啦！',NULL,NULL,8,'2015-06-08 15:28:28','2015-06-11 09:14:40',25,10),(78,'新娘美甲','这个女生们都很有经验啦，太早弄的话容易损坏，所以提前一天就可以啦！',NULL,NULL,9,'2015-06-08 15:28:58','2015-06-11 09:15:54',20,14),(79,'拿取婚纱及礼服，确认衣服首饰配套穿戴次序，定位放好','一般租借的婚纱礼服大多提前一天拿取，拿回家后尽量挂着，如有需要搭配的首饰依次摆放好，以免当天手忙脚乱',NULL,NULL,9,'2015-06-08 15:29:04','2015-06-11 08:57:31',18,5),(80,'准备好明天要用的礼金和红包','准备好迎亲小红包，一般放10元20元的最多，适当的准备一些50元100元200元的，以备不时只需。',NULL,NULL,9,'2015-06-08 15:29:09','2015-06-11 09:15:54',16,10),(81,'核对全部婚礼流程表格，确认物品齐全','最后用婚礼流程表核对所有当天要用的物品，如有遗漏尽快补齐。',NULL,NULL,9,'2015-06-08 15:29:15','2015-06-11 09:15:54',14,10),(82,'准备食物招待伴娘姐妹团和当天来迎亲的新郎及伴郎团成员','伴娘团的姑娘们一般很早就会赶到新娘家，所以早餐得给姑娘们准备好，这样在迎亲环节才会有出色表现。随新郎来迎娶的伴郎团成员们也相当辛苦，晚上没准还得为新郎挡酒，适当的准备一些食物给他们也是相当必要哦！',NULL,NULL,9,'2015-06-08 15:29:21','2015-06-11 09:15:54',12,10),(83,'携带新人身份证件到达酒店后办理入住之用','一般举行晚宴的地区，酒店会赠送婚房，虽然是赠送也需要用身份证办理入住手续，当然你也可以委托他人帮你办理。',NULL,NULL,10,'2015-06-08 15:29:43','2015-06-11 08:55:08',0,2),(84,'准备一笔应付摄影摄像超时的费用，及其他超支费用的现金','摄影摄像化妆超过他们的工作时间的话是需要收超时费的，以小时来计算，具体费用在当时预定的时候就要确认好，以免当场闹的不愉快。包括酒店也是，如果临时多加人或者多开桌的话，也需要付超支的费用，这些之前都要提前有所准备。',NULL,NULL,10,'2015-06-08 15:29:50','2015-06-11 09:16:48',0,11),(85,'最后检查新郎、新娘应携带到现场的物品是否齐全','身份证、押金单、便装、婚纱礼服、鞋子、头纱首饰、婚戒等等',NULL,NULL,10,'2015-06-08 15:29:56','2015-06-11 09:16:48',0,10),(86,'给婚车司机和其他工作人员分发喜糖、喜烟','一块小小的喜糖，会让工作人员觉得你很尊重他们，所以一定不要吝啬这一小块喜糖哦！',NULL,NULL,10,'2015-06-08 15:30:03','2015-06-11 09:16:48',0,10),(87,'仪式结束后，结算婚礼场所尾款，以及婚庆公司和各工作人员的费用','婚礼当天各工作团队都非常顺利的话，一般都是在仪式结束后当场结算尾款的，包括酒店、婚庆、摄影摄像、化妆等，所以之前就要准备好，当然现场拆红包也是经常会发生的事，呵呵呵。',NULL,NULL,10,'2015-06-08 15:30:09','2015-06-11 09:16:48',0,11),(88,'清点收到的礼金数，并记下赠送人的姓名和分别的礼金数量','礼尚往来是我国的传统美德，所以记下每个来宾的礼金数，便于日后的还礼，还是非常必要的呢！',NULL,NULL,11,'2015-06-08 15:30:24','2015-06-11 09:17:39',-1,11),(89,'电话告知外地未能到场的亲戚朋友你们结婚的喜讯','婚后给未能到场的朋友报告喜讯也是非常必要的，当然能寄出喜糖那就更好啦，虽然他们未能来到现场，但一样也会喜欢感染到你们的欢乐，沾沾喜气哦！',NULL,NULL,11,'2015-06-08 15:30:30','2015-06-11 09:23:32',-1,10),(90,'加印婚礼仪式的照片并邮寄给外地的亲戚','如果预算够的话，可以在婚礼当天加一个现场打印照片的环节。如果事后邮寄的话，一般照片上有几个人就要印几张哦，一定要尽早寄出去，亲戚朋友们可都是想早点拿到的哟！',NULL,NULL,11,'2015-06-08 15:30:35','2015-06-11 08:53:38',-2,9),(91,'退还婚礼现场租用的婚纱、礼服，并取回押金','按照婚纱店的要求，在婚后1-2天内换回，如果在时间上有特殊要求，可以在租借时就说好。在使用期间千万不要弄破，会被扣钱。记得拿押金条取回押金。',NULL,NULL,11,'2015-06-08 15:30:41','2015-06-11 08:53:38',-2,5),(92,'开始度蜜月','带着您的美好心情，尽情享受这属于两人的美妙时光吧！',NULL,NULL,11,'2015-06-08 15:30:47','2015-06-11 09:17:39',-5,12);
